<AmazonEnvelope xmlns:xsi="http://www.w3.org/2001/XMLSchema-instance" xsi:noNamespaceSchemaLocation="amzn-envelope.xsd">
  <Header>
     <DocumentVersion>1.01</DocumentVersion>
     <MerchantIdentifier>[INSERT YOUR MERCHANT TOKEN HERE]</MerchantIdentifier>
  </Header>
  <MessageType>OrderAdjustment</MessageType>
  <Message>
     <MessageID>1</MessageID>
     <OrderAdjustment>
        <AmazonOrderID>[INSERT YOUR ORDER ID HERE]</AmazonOrderID>
        <AdjustedItem>
           <AmazonOrderItemCode>[INSERT YOUR ORDER ITEM CODE HERE]</AmazonOrderItemCode>
           <AdjustmentReason>CustomerReturn</AdjustmentReason>
           <ItemPriceAdjustments>
              <Component>
                 <Type>Principal</Type>
                 <Amount currency="USD">[INSERT YOUR ITEM CHARGE HERE]</Amount>
              </Component>
              <Component>
                 <Type>Shipping</Type>
                 <Amount currency="USD">[INSERT YOUR SHIPPING CHARGE HERE]</Amount>
              </Component>
           </ItemPriceAdjustments>
        </AdjustedItem>
     </OrderAdjustment>
  </Message>
</AmazonEnvelope>