<?xml version="1.0" encoding="UTF-8"?>
   <AmazonEnvelope xmlns:xsi="http://www.w3.org/2001/XMLSchema-instance" xsi:noNamespaceSchemaLocation="amzn-envelope.xsd">
      <Header>
         <DocumentVersion>1.01</DocumentVersion>
         <MerchantIdentifier>[INSERT YOUR MERCHANT TOKEN HERE]</MerchantIdentifier>
      </Header>
      <MessageType>OrderAcknowledgement</MessageType>
      <Message>
         <MessageID>1</MessageID>
         <OrderAcknowledgement>
            <AmazonOrderID>[INSERT YOUR ORDER ID HERE]</AmazonOrderID>
            <StatusCode>Success</StatusCode>
         </OrderAcknowledgement>
      </Message>
      <MessageID>2</MessageID>
      <OrderAcknowledgement>
         <AmazonOrderID>[INSERT YOUR SECOND ORDER ID HERE]</AmazonOrderID>
         <StatusCode>Failure</StatusCode>
      </OrderAcknowledgement>
   </Message>
</AmazonEnvelope>